{
    "click_prob": [
        0.1,
        0.10708661417322836,
        0.12125984251968505,
        0.14960629921259844,
        0.2062992125984252,
        0.31968503937007875,
        0.5464566929133858,
        1.0
    ],
    "eta": 1.0,
    "exam_prob": [
        1.0,
        1.0,
        1.0,
        1.0,
        1.0,
        1.0,
        1.0,
        1.0,
        1.0,
        1.0
    ],
    "model_name": "cascade_model"
}