{
    "click_prob": [
        0.1,
        0.10087976539589442,
        0.10263929618768329,
        0.106158357771261,
        0.11319648093841642,
        0.12727272727272726,
        0.15542521994134897,
        0.21173020527859238,
        0.3243401759530792,
        0.5495601173020528,
        1.0
    ],
    "eta": 1.0,
    "exam_prob": [
        0.68,
        0.61,
        0.48,
        0.34,
        0.28,
        0.2,
        0.11,
        0.1,
        0.08,
        0.06
    ],
    "model_name": "position_biased_model"
}