{
    "click_prob": [
        0.1,
        0.10708661417322836,
        0.12125984251968505,
        0.14960629921259844,
        0.2062992125984252,
        0.31968503937007875,
        0.5464566929133858,
        1.0
    ],
    "eta": 1.0,
    "exam_prob": [
        0.68,
        0.61,
        0.48,
        0.34,
        0.28,
        0.2,
        0.11,
        0.1,
        0.08,
        0.06
    ],
    "model_name": "position_biased_model"
}