{
    "click_prob": [
        0.1,
        0.12903225806451613,
        0.1870967741935484,
        0.3032258064516129,
        0.535483870967742,
        1.0
    ],
    "eta": 1.0,
    "exam_prob": [
        0.68,
        0.61,
        0.48,
        0.34,
        0.28,
        0.2,
        0.11,
        0.1,
        0.08,
        0.06
    ],
    "model_name": "position_biased_model"
}